﻿{"platform_setting_param_uint":[	{"tag":"SubShadowmapResolution", "param":["", "", "", 1024, "", ""], "enable":[false, false, false, true, false, false]},	{"tag":"BakedShadowEnableCascadeNum", "param":["", "", "", 15, "", ""], "enable":[false, false, false, false, false, ""]},	{"tag":"BakedShadowMode", "param":["", "", "", 0, "", ""], "enable":[false, false, false, true, false, false]},	{"tag":"FXAAEnable", "param":[1, 0, 0, 1, 0, 1], "enable":[false, false, false, true, false, true]},	{"tag":"ShadowSampleNum", "param":["", 24, "", "", "", ""], "enable":["", true, "", "", "", ""]}]}