﻿{"platform_setting_param_int":[	{"tag":"ShadowmapType", "param":[0, 11, 0, 9, 0, 9], "enable":[false, true, false, true, false, true]},	{"tag":"ShadowSampleType", "param":["", 1, "", 2, "", 2], "enable":[false, false, false, false, false, false]},	{"tag":"SoftShadowType", "param":["", "", "", 2, "", ""], "enable":[false, false, false, true, false, false]},	{"tag":"ShadowCascadeRect[0]", "param":["", 2044, "", 2044, "", 2044], "enable":[false, true, false, true, false, true]},	{"tag":"ShadowCascadeRect[1]", "param":["", 2044, "", 2044, "", 2044], "enable":[false, true, false, true, false, true]},	{"tag":"ShadowCascadeRect[2]", "param":["", 2044, "", 2044, "", 2044], "enable":[false, true, false, true, false, true]},	{"tag":"ShadowCascadeRect[3]", "param":["", 2044, "", 2044, "", 2044], "enable":[false, true, false, true, false, true]},	{"tag":"ShadowCascade1Rect[0]", "param":["", 2044, "", 2044, "", 2044], "enable":[false, true, false, true, false, true]},	{"tag":"ShadowCascade1Rect[1]", "param":["", 2044, "", 2044, "", 2048], "enable":[false, true, false, true, false, true]},	{"tag":"ShadowCascade1Rect[2]", "param":["", 2044, "", 2044, "", 2044], "enable":[false, true, false, true, false, true]},	{"tag":"ShadowCascade1Rect[3]", "param":["", 2044, "", 2044, "", 2044], "enable":[false, true, false, true, false, true]},	{"tag":"ShadowCascade2Rect[0]", "param":["", 2044, "", 2044, "", 2044], "enable":[false, true, false, true, false, true]},	{"tag":"ShadowCascade2Rect[1]", "param":["", 2044, "", 2044, "", 2044], "enable":[false, false, true, true, false, true]},	{"tag":"ShadowCascade2Rect[2]", "param":["", 2044, "", 2044, "", 2044], "enable":[false, true, false, true, false, true]},	{"tag":"ShadowCascade2Rect[3]", "param":["", 2044, "", 2044, "", 2044], "enable":[false, true, false, true, false, true]},	{"tag":"ShadowCascade3Rect[0]", "param":["", 2044, "", 2044, "", 2044], "enable":[false, true, false, true, false, true]},	{"tag":"ShadowCascade3Rect[1]", "param":["", 2044, "", 2044, "", 2044], "enable":[false, true, false, true, false, true]},	{"tag":"ShadowCascade3Rect[2]", "param":["", 2044, "", 2044, "", 2044], "enable":[false, true, false, true, false, true]},	{"tag":"ShadowCascade3Rect[3]", "param":["", 2044, "", 2044, "", 2044], "enable":[false, true, false, true, false, true]},	{"tag":"ShadowCascadeRectResolveType", "param":["", 1, "", 0, "", 1], "enable":[false, false, false, true, false, true]},	{"tag":"ShadowmapKeyLightResolution", "param":["", 2, "", 1, "", ""], "enable":[false, false, false, false, false, false]},	{"tag":"ReflectiveShadowmapType", "param":["", "", "", 1, "", ""], "enable":[false, false, false, true, false, false]},	{"tag":"ReflectiveShadowmapSize", "param":["", "", "", 1025, "", ""], "enable":[false, false, false, true, false, false]},	{"tag":"SSAOQuality", "param":[3, 2, 0, 3, 1, 0], "enable":[true, true, true, true, true, true]},	{"tag":"RLRMaxRaySamples", "param":[0, 0, 128, 0, 0, 238], "enable":[false, false, true, true, false, true]},	{"tag":"RLRPixelsPerStep", "param":[0, 0, 4, 0, 0, 4], "enable":[false, false, true, false, false, true]},	{"tag":"FXAAType", "param":[3, 3, 3, 3, 3, 3], "enable":[true, true, true, true, true, true]},	{"tag":"LensSimulationTemporalAAEnable", "param":[0, 1, 1, 0, 1, 0], "enable":[false, false, false, true, false, true]},	{"tag":"LensSimulationTemporalAAType", "param":[0, 0, 0, 0, 0, 0], "enable":[false, false, false, true, false, true]},	{"tag":"LensSimulationDOFFlag", "param":[0, 1, 1, 0, 1, 1], "enable":[false, false, false, true, false, false]},	{"tag":"LensSimulationMotionBlur2Enable", "param":[0, 1, 1, 0, 1, 1], "enable":[false, false, false, true, false, false]},	{"tag":"LensSimulationGhostNum", "param":[0, 1, 1, 0, 1, 1], "enable":[false, false, false, true, false, false]},	{"tag":"StatisticalOceanLightGroupID", "param":["", "", "", 0, "", ""], "enable":[false, false, false, false, false, false]},	{"tag":"SkylightSpecularOcclusionType", "param":["", "", "", 0, "", ""], "enable":[false, false, false, true, false, false]},	{"tag":"SkylightAmbientUpdateTrigger", "param":["", "", 0, 0, "", 0], "enable":[false, false, true, true, false, true]},	{"tag":"DecalDisableGBuffer", "param":["", "", "", 0, "", ""], "enable":[false, false, false, false, false, false]},	{"tag":"LightShaftLightGroupID", "param":["", "", "", 0, "", ""], "enable":[false, false, false, false, false, false]}]}