﻿{"platform_setting_param_float":[	{"tag":"BloomWeight", "param":[0, 0, 0, 0, 0, 0], "enable":[false, false, false, false, false, false]},	{"tag":"ShadowLightSize", "param":["", "", "", 0.15, "", ""], "enable":[false, false, false, true, false, false]},	{"tag":"ShadowEraseFarEnd", "param":["", "", "", 5000, "", ""], "enable":[false, false, false, true, false, false]},	{"tag":"ShadowEraseFarStart", "param":["", "", "", 1000, "", ""], "enable":[false, false, false, true, false, false]},	{"tag":"ShadowCascade3Start", "param":["", 3600, "", 0, "", ""], "enable":[false, false, false, true, false, false]},	{"tag":"ShadowCascade2Start", "param":["", 1600, "", 0, "", ""], "enable":[false, false, false, true, false, false]},	{"tag":"ShadowCascadeStart", "param":["", 200, "", 2000, "", 4500], "enable":[false, false, false, true, false, true]},	{"tag":"ShadowSlopeBias", "param":[5E-05, 5E-05, 5E-05, 1E-05, 5E-05, 5E-05], "enable":[false, false, false, true, false, false]},	{"tag":"SSAORadius", "param":["", "", "", 20, "", ""], "enable":[false, false, false, true, false, false]},	{"tag":"SSAOEndRadius", "param":["", "", "", -1, "", ""], "enable":[false, false, false, true, false, false]},	{"tag":"SSAOContrast", "param":["", "", "", 0, "", ""], "enable":[false, false, false, true, false, false]},	{"tag":"VolumetricFogScatterScale", "param":["", "", "", 20, "", ""], "enable":[false, false, false, true, false, false]},	{"tag":"TerrainTessellationMaxDistance", "param":[200, 200, 200, 200, 200, 200], "enable":[true, true, true, true, true, true]},	{"tag":"TerrainTessellationDivisionFactor", "param":[1, 1, 1, 1, 1, 1], "enable":[true, true, true, true, true, true]},	{"tag":"StatisticalOceanFlatDistance", "param":["", "", "", 30, "", ""], "enable":[false, false, false, true, false, false]},	{"tag":"StatisticalOceanDiffuseTransparency", "param":["", "", "", "", "", ""], "enable":[false, false, false, false, false, false]},	{"tag":"StatisticalOceanRefractionIndex", "param":["", "", "", 1, "", ""], "enable":[false, false, false, true, false, false]},	{"tag":"SkylightCloudy", "param":["", "", "", 0, "", ""], "enable":[false, false, false, true, false, false]},	{"tag":"SkylightCloudShadowFade", "param":["", "", "", 0, "", ""], "enable":[false, false, false, true, false, false]},	{"tag":"SkylightAmbientUpdateFreq", "param":["", "", 3, 3, "", 3], "enable":[false, false, true, true, false, true]},	{"tag":"GrassVertexDisplacementBufferRange", "param":["", "", "", 2000, "", ""], "enable":[false, false, false, true, false, false]},	{"tag":"LocalWindBufferRange", "param":["", "", "", 0, "", ""], "enable":[false, false, false, true, false, false]},	{"tag":"LightShaftLength", "param":[2, 2, 2, 2, 2, 2], "enable":[true, true, true, true, true, true]},	{"tag":"LensSimulationAberraAmount", "param":["", "", "", 0, "", ""], "enable":[false, false, false, true, false, false]},	{"tag":"FXAAEdgeThreshold", "param":["", "", "", 0.05, "", ""], "enable":["", "", "", true, "", ""]},	{"tag":"FXAAEdgeThresholdMin", "param":["", "", "", 0.05, "", ""], "enable":["", "", "", true, "", ""]},	{"tag":"FXAAEdgeSharpness", "param":["", "", "", 3, "", ""], "enable":["", "", "", true, "", ""]},	{"tag":"FXAAPixelRange", "param":["", "", "", 0.8, "", ""], "enable":["", "", "", true, "", ""]},	{"tag":"FXAAQualityEdgeThreshold", "param":["", "", "", "", "", ""], "enable":["", "", "", "", "", ""]},	{"tag":"FXAAQualityEdgeThresholdMin", "param":["", "", "", "", "", ""], "enable":["", "", "", "", "", ""]},	{"tag":"FXAAQualitySubpixSharpness", "param":["", "", "", "", "", ""], "enable":["", "", "", "", "", ""]}]}