﻿{"field_map_info_field_map_reduction_info":[	{"filed_map_tag":"FIELD_MAP_S_FOREST", "NX_view_distance":7500, "NX_hi_mix_distance":3000, "NX_mid_start_distance":3500, "NX_mid_mix_distance":0, "NX_low_start_distance":0, "NX_river_flat_distance":0},	{"filed_map_tag":"FIELD_MAP_S_ROTTENSEA", "NX_view_distance":7500, "NX_hi_mix_distance":3000, "NX_mid_start_distance":3500, "NX_mid_mix_distance":0, "NX_low_start_distance":0, "NX_river_flat_distance":0},	{"filed_map_tag":"FIELD_MAP_S_METAL", "NX_view_distance":7500, "NX_hi_mix_distance":3000, "NX_mid_start_distance":3500, "NX_mid_mix_distance":0, "NX_low_start_distance":0, "NX_river_flat_distance":0},	{"filed_map_tag":"FIELD_MAP_S_KINGDOM", "NX_view_distance":7500, "NX_hi_mix_distance":3000, "NX_mid_start_distance":3500, "NX_mid_mix_distance":0, "NX_low_start_distance":0, "NX_river_flat_distance":0},	{"filed_map_tag":"FIELD_MAP_S_SUBMAP_01", "NX_view_distance":7500, "NX_hi_mix_distance":3000, "NX_mid_start_distance":3500, "NX_mid_mix_distance":0, "NX_low_start_distance":0, "NX_river_flat_distance":0},	{"filed_map_tag":"FIELD_MAP_S_SUBMAP_03", "NX_view_distance":7500, "NX_hi_mix_distance":3000, "NX_mid_start_distance":3500, "NX_mid_mix_distance":0, "NX_low_start_distance":0, "NX_river_flat_distance":0},	{"filed_map_tag":"FIELD_MAP_S_SUBMAP_04", "NX_view_distance":7500, "NX_hi_mix_distance":3000, "NX_mid_start_distance":3500, "NX_mid_mix_distance":0, "NX_low_start_distance":0, "NX_river_flat_distance":0},	{"filed_map_tag":"FIELD_MAP_S_SUBMAP_05", "NX_view_distance":7500, "NX_hi_mix_distance":3000, "NX_mid_start_distance":3500, "NX_mid_mix_distance":0, "NX_low_start_distance":0, "NX_river_flat_distance":0},	{"filed_map_tag":"FIELD_MAP_EV00", "NX_view_distance":7500, "NX_hi_mix_distance":3000, "NX_mid_start_distance":3500, "NX_mid_mix_distance":0, "NX_low_start_distance":0, "NX_river_flat_distance":0},	{"filed_map_tag":"FIELD_MAP_TEST_STAGE_000", "NX_view_distance":7500, "NX_hi_mix_distance":3000, "NX_mid_start_distance":3500, "NX_mid_mix_distance":0, "NX_low_start_distance":0, "NX_river_flat_distance":0},	{"filed_map_tag":"FIELD_MAP_TEST_ACTION_001", "NX_view_distance":7500, "NX_hi_mix_distance":3000, "NX_mid_start_distance":3500, "NX_mid_mix_distance":0, "NX_low_start_distance":0, "NX_river_flat_distance":0},	{"filed_map_tag":"FIELD_MAP_TEST_ACTION_001_NO_GIMMICK", "NX_view_distance":7500, "NX_hi_mix_distance":3000, "NX_mid_start_distance":3500, "NX_mid_mix_distance":0, "NX_low_start_distance":0, "NX_river_flat_distance":0},	{"filed_map_tag":"FIELD_MAP_TEST_GIMMICK", "NX_view_distance":7500, "NX_hi_mix_distance":3000, "NX_mid_start_distance":3500, "NX_mid_mix_distance":0, "NX_low_start_distance":0, "NX_river_flat_distance":0},	{"filed_map_tag":"FIELD_MAP_TEST_COLL_MOTION", "NX_view_distance":7500, "NX_hi_mix_distance":3000, "NX_mid_start_distance":3500, "NX_mid_mix_distance":0, "NX_low_start_distance":0, "NX_river_flat_distance":0},	{"filed_map_tag":"FIELD_MAP_TEST_VOID", "NX_view_distance":7500, "NX_hi_mix_distance":3000, "NX_mid_start_distance":3500, "NX_mid_mix_distance":0, "NX_low_start_distance":0, "NX_river_flat_distance":0},	{"filed_map_tag":"FIELD_MAP_TEST_HOUSING_001", "NX_view_distance":7500, "NX_hi_mix_distance":3000, "NX_mid_start_distance":3500, "NX_mid_mix_distance":0, "NX_low_start_distance":0, "NX_river_flat_distance":0},	{"filed_map_tag":"FIELD_MAP_S_CASTLE", "NX_view_distance":7500, "NX_hi_mix_distance":3000, "NX_mid_start_distance":3500, "NX_mid_mix_distance":0, "NX_low_start_distance":0, "NX_river_flat_distance":0},	{"filed_map_tag":"FIELD_MAP_S_EXTRA", "NX_view_distance":7500, "NX_hi_mix_distance":3000, "NX_mid_start_distance":3500, "NX_mid_mix_distance":0, "NX_low_start_distance":0, "NX_river_flat_distance":0},	{"filed_map_tag":"FIELD_MAP_HOUSING_PRESET_EDIT", "NX_view_distance":7500, "NX_hi_mix_distance":3000, "NX_mid_start_distance":3500, "NX_mid_mix_distance":0, "NX_low_start_distance":0, "NX_river_flat_distance":0}]}