﻿{"field_map_info_field_map_setting_info":[	{"filed_map_tag":"FIELD_MAP_S_FOREST", "cross_fade_flag":true, "quality_min":20, "quality_max":20, "num_min":0, "num_max":0, "grade_min":10, "grade_max":10, "debug_name":"s_forest", "area_tag":"FIELD_AREA_FOREST", "region_tag":"FIELD_REGION_FOREST", "default_foot_step":"FIELD_FOOT_STEP_GROUND01", "terrain_foot_step_0":"FIELD_FOOT_STEP_STONE01", "terrain_foot_step_1":"FIELD_FOOT_STEP_PEBBLE", "terrain_foot_step_2":"FIELD_FOOT_STEP_PEBBLE", "terrain_foot_step_3":"FIELD_FOOT_STEP_PEBBLE", "terrain_foot_step_4":"FIELD_FOOT_STEP_GROUND01", "terrain_foot_step_5":"FIELD_FOOT_STEP_STONE01", "terrain_foot_step_6":"FIELD_FOOT_STEP_GRASS01", "terrain_foot_step_7":"FIELD_FOOT_STEP_GROUND02", "terrain_foot_step_8":"FIELD_FOOT_STEP_DEBRIS", "terrain_foot_step_9":"FIELD_FOOT_STEP_GRASS01", "terrain_foot_step_10":"FIELD_FOOT_STEP_STONE02", "terrain_foot_step_20":"FIELD_FOOT_STEP_GRASS01", "terrain_foot_step_12":"FIELD_FOOT_STEP_GRASS01", "terrain_foot_step_13":"FIELD_FOOT_STEP_GRASS01", "terrain_foot_step_14":"FIELD_FOOT_STEP_GROUND01", "terrain_foot_step_15":"FIELD_FOOT_STEP_GROUND01", "terrain_foot_step_16":"FIELD_FOOT_STEP_GROUND01", "terrain_foot_step_17":"FIELD_FOOT_STEP_STONE01", "terrain_foot_step_18":"FIELD_FOOT_STEP_GRASS01", "terrain_foot_step_19":"FIELD_FOOT_STEP_GRASS01"},	{"filed_map_tag":"FIELD_MAP_S_ROTTENSEA", "cross_fade_flag":true, "quality_min":20, "quality_max":20, "num_min":0, "num_max":0, "grade_min":10, "grade_max":10, "debug_name":"s_rottensea", "area_tag":"FIELD_AREA_ROTTENSEA", "region_tag":"FIELD_REGION_ROTTENSEA", "default_foot_step":"FIELD_FOOT_STEP_GROUND01", "terrain_foot_step_0":"FIELD_FOOT_STEP_ROTTEN01", "terrain_foot_step_1":"FIELD_FOOT_STEP_ROTTEN01", "terrain_foot_step_2":"FIELD_FOOT_STEP_STONE02", "terrain_foot_step_3":"FIELD_FOOT_STEP_STONE01", "terrain_foot_step_4":"FIELD_FOOT_STEP_GRASS02", "terrain_foot_step_5":"FIELD_FOOT_STEP_ROTTEN01", "terrain_foot_step_6":"FIELD_FOOT_STEP_STONE02", "terrain_foot_step_7":"FIELD_FOOT_STEP_GROUND01", "terrain_foot_step_8":"FIELD_FOOT_STEP_STONE02", "terrain_foot_step_9":"FIELD_FOOT_STEP_STONE01", "terrain_foot_step_10":"FIELD_FOOT_STEP_ROTTEN01", "terrain_foot_step_20":"FIELD_FOOT_STEP_GROUND01", "terrain_foot_step_12":"FIELD_FOOT_STEP_MUSHROOM01", "terrain_foot_step_13":"FIELD_FOOT_STEP_ROTTEN01", "terrain_foot_step_14":"FIELD_FOOT_STEP_GRASS02", "terrain_foot_step_15":"FIELD_FOOT_STEP_STONE02", "terrain_foot_step_16":"FIELD_FOOT_STEP_SAND01", "terrain_foot_step_17":"FIELD_FOOT_STEP_GROUND01", "terrain_foot_step_18":"FIELD_FOOT_STEP_GROUND01", "terrain_foot_step_19":"FIELD_FOOT_STEP_GROUND01"},	{"filed_map_tag":"FIELD_MAP_S_METAL", "cross_fade_flag":true, "quality_min":20, "quality_max":20, "num_min":0, "num_max":0, "grade_min":10, "grade_max":10, "debug_name":"s_metal", "area_tag":"FIELD_AREA_METAL", "region_tag":"FIELD_REGION_METAL", "default_foot_step":"FIELD_FOOT_STEP_GROUND01", "terrain_foot_step_0":"FIELD_FOOT_STEP_STONE02", "terrain_foot_step_1":"FIELD_FOOT_STEP_GROUND01", "terrain_foot_step_2":"FIELD_FOOT_STEP_STONE02", "terrain_foot_step_3":"FIELD_FOOT_STEP_GROUND01", "terrain_foot_step_4":"FIELD_FOOT_STEP_GROUND01", "terrain_foot_step_5":"FIELD_FOOT_STEP_STONE02", "terrain_foot_step_6":"FIELD_FOOT_STEP_STONE02", "terrain_foot_step_7":"FIELD_FOOT_STEP_STONE02", "terrain_foot_step_8":"FIELD_FOOT_STEP_STONE02", "terrain_foot_step_9":"FIELD_FOOT_STEP_DEBRIS", "terrain_foot_step_10":"FIELD_FOOT_STEP_STONE01", "terrain_foot_step_20":"FIELD_FOOT_STEP_STONE01", "terrain_foot_step_12":"FIELD_FOOT_STEP_STONE01", "terrain_foot_step_13":"FIELD_FOOT_STEP_DEBRIS", "terrain_foot_step_14":"FIELD_FOOT_STEP_GROUND01", "terrain_foot_step_15":"FIELD_FOOT_STEP_GROUND01", "terrain_foot_step_16":"FIELD_FOOT_STEP_GROUND01", "terrain_foot_step_17":"FIELD_FOOT_STEP_GROUND01", "terrain_foot_step_18":"FIELD_FOOT_STEP_GROUND01", "terrain_foot_step_19":"FIELD_FOOT_STEP_GROUND01"},	{"filed_map_tag":"FIELD_MAP_S_KINGDOM", "cross_fade_flag":true, "quality_min":20, "quality_max":20, "num_min":0, "num_max":0, "grade_min":10, "grade_max":10, "debug_name":"s_kingdom", "area_tag":"FIELD_AREA_KINGDOM", "region_tag":"FIELD_REGION_KINGDOM", "default_foot_step":"FIELD_FOOT_STEP_GROUND01", "terrain_foot_step_0":"FIELD_FOOT_STEP_GRASS02", "terrain_foot_step_1":"FIELD_FOOT_STEP_GROUND01", "terrain_foot_step_2":"FIELD_FOOT_STEP_STONE02", "terrain_foot_step_3":"FIELD_FOOT_STEP_GRASS01", "terrain_foot_step_4":"FIELD_FOOT_STEP_STONE01", "terrain_foot_step_5":"FIELD_FOOT_STEP_STONE01", "terrain_foot_step_6":"FIELD_FOOT_STEP_STONE01", "terrain_foot_step_7":"FIELD_FOOT_STEP_GROUND01", "terrain_foot_step_8":"FIELD_FOOT_STEP_STONE01", "terrain_foot_step_9":"FIELD_FOOT_STEP_STONE01", "terrain_foot_step_10":"FIELD_FOOT_STEP_STONE01", "terrain_foot_step_20":"FIELD_FOOT_STEP_STONE01", "terrain_foot_step_12":"FIELD_FOOT_STEP_STONE01", "terrain_foot_step_13":"FIELD_FOOT_STEP_STONE01", "terrain_foot_step_14":"FIELD_FOOT_STEP_STONE01", "terrain_foot_step_15":"FIELD_FOOT_STEP_STONE01", "terrain_foot_step_16":"FIELD_FOOT_STEP_STONE01", "terrain_foot_step_17":"FIELD_FOOT_STEP_STONE01", "terrain_foot_step_18":"FIELD_FOOT_STEP_STONE01", "terrain_foot_step_19":"FIELD_FOOT_STEP_STONE01"},	{"filed_map_tag":"FIELD_MAP_S_SUBMAP_01", "cross_fade_flag":true, "quality_min":20, "quality_max":20, "num_min":0, "num_max":0, "grade_min":10, "grade_max":10, "debug_name":"s_submap_01", "area_tag":"FIELD_AREA_FOREST", "region_tag":"FIELD_REGION_FOREST", "default_foot_step":"FIELD_FOOT_STEP_GROUND01", "terrain_foot_step_0":"FIELD_FOOT_STEP_GRASS01", "terrain_foot_step_1":"FIELD_FOOT_STEP_GRASS02", "terrain_foot_step_2":"FIELD_FOOT_STEP_GROUND01", "terrain_foot_step_3":"FIELD_FOOT_STEP_PEBBLE", "terrain_foot_step_4":"FIELD_FOOT_STEP_GROUND01", "terrain_foot_step_5":"FIELD_FOOT_STEP_STONE02", "terrain_foot_step_6":"FIELD_FOOT_STEP_PEBBLE", "terrain_foot_step_7":"FIELD_FOOT_STEP_STONE01", "terrain_foot_step_8":"FIELD_FOOT_STEP_STONE01", "terrain_foot_step_9":"FIELD_FOOT_STEP_GRASS01", "terrain_foot_step_10":"FIELD_FOOT_STEP_GRASS01", "terrain_foot_step_20":"FIELD_FOOT_STEP_STONE01", "terrain_foot_step_12":"FIELD_FOOT_STEP_GROUND01", "terrain_foot_step_13":"FIELD_FOOT_STEP_PEBBLE", "terrain_foot_step_14":"FIELD_FOOT_STEP_STONE02", "terrain_foot_step_15":"FIELD_FOOT_STEP_STONE02", "terrain_foot_step_16":"FIELD_FOOT_STEP_GROUND01", "terrain_foot_step_17":"FIELD_FOOT_STEP_GROUND01", "terrain_foot_step_18":"FIELD_FOOT_STEP_GROUND01", "terrain_foot_step_19":"FIELD_FOOT_STEP_GROUND01"},	{"filed_map_tag":"FIELD_MAP_S_SUBMAP_03", "cross_fade_flag":true, "quality_min":20, "quality_max":20, "num_min":0, "num_max":0, "grade_min":10, "grade_max":10, "debug_name":"s_submap_03", "area_tag":"FIELD_AREA_METAL", "region_tag":"FIELD_REGION_METAL", "default_foot_step":"FIELD_FOOT_STEP_GROUND01", "terrain_foot_step_0":"FIELD_FOOT_STEP_STONE02", "terrain_foot_step_1":"FIELD_FOOT_STEP_STONE02", "terrain_foot_step_2":"FIELD_FOOT_STEP_STONE02", "terrain_foot_step_3":"FIELD_FOOT_STEP_GROUND01", "terrain_foot_step_4":"FIELD_FOOT_STEP_STONE02", "terrain_foot_step_5":"FIELD_FOOT_STEP_STONE02", "terrain_foot_step_6":"FIELD_FOOT_STEP_PEBBLE", "terrain_foot_step_7":"FIELD_FOOT_STEP_STONE02", "terrain_foot_step_8":"FIELD_FOOT_STEP_GROUND01", "terrain_foot_step_9":"FIELD_FOOT_STEP_STONE02", "terrain_foot_step_10":"FIELD_FOOT_STEP_STONE02", "terrain_foot_step_20":"FIELD_FOOT_STEP_GROUND01", "terrain_foot_step_12":"FIELD_FOOT_STEP_GROUND01", "terrain_foot_step_13":"FIELD_FOOT_STEP_GROUND01", "terrain_foot_step_14":"FIELD_FOOT_STEP_GROUND01", "terrain_foot_step_15":"FIELD_FOOT_STEP_STONE02", "terrain_foot_step_16":"FIELD_FOOT_STEP_GROUND01", "terrain_foot_step_17":"FIELD_FOOT_STEP_GROUND01", "terrain_foot_step_18":"FIELD_FOOT_STEP_GROUND01", "terrain_foot_step_19":"FIELD_FOOT_STEP_GROUND01"},	{"filed_map_tag":"FIELD_MAP_S_SUBMAP_04", "cross_fade_flag":true, "quality_min":20, "quality_max":20, "num_min":0, "num_max":0, "grade_min":10, "grade_max":10, "debug_name":"s_submap_04", "area_tag":"FIELD_AREA_METAL", "region_tag":"FIELD_REGION_METAL", "default_foot_step":"FIELD_FOOT_STEP_GROUND01", "terrain_foot_step_0":"FIELD_FOOT_STEP_STONE01", "terrain_foot_step_1":"FIELD_FOOT_STEP_STONE01", "terrain_foot_step_2":"FIELD_FOOT_STEP_STONE01", "terrain_foot_step_3":"FIELD_FOOT_STEP_STONE01", "terrain_foot_step_4":"FIELD_FOOT_STEP_STONE01", "terrain_foot_step_5":"FIELD_FOOT_STEP_STONE01", "terrain_foot_step_6":"FIELD_FOOT_STEP_STONE01", "terrain_foot_step_7":"FIELD_FOOT_STEP_GROUND01", "terrain_foot_step_8":"FIELD_FOOT_STEP_GROUND01", "terrain_foot_step_9":"FIELD_FOOT_STEP_STONE01", "terrain_foot_step_10":"FIELD_FOOT_STEP_STONE02", "terrain_foot_step_20":"FIELD_FOOT_STEP_GROUND01", "terrain_foot_step_12":"FIELD_FOOT_STEP_ROTTEN01", "terrain_foot_step_13":"FIELD_FOOT_STEP_ROTTEN01", "terrain_foot_step_14":"FIELD_FOOT_STEP_GROUND01", "terrain_foot_step_15":"FIELD_FOOT_STEP_GROUND01", "terrain_foot_step_16":"FIELD_FOOT_STEP_GROUND01", "terrain_foot_step_17":"FIELD_FOOT_STEP_GROUND01", "terrain_foot_step_18":"FIELD_FOOT_STEP_GROUND01", "terrain_foot_step_19":"FIELD_FOOT_STEP_GROUND01"},	{"filed_map_tag":"FIELD_MAP_S_SUBMAP_05", "cross_fade_flag":true, "quality_min":20, "quality_max":20, "num_min":0, "num_max":0, "grade_min":10, "grade_max":10, "debug_name":"s_submap_05", "area_tag":"FIELD_AREA_ROTTENSEA", "region_tag":"FIELD_REGION_ROTTENSEA", "default_foot_step":"FIELD_FOOT_STEP_GROUND01", "terrain_foot_step_0":"FIELD_FOOT_STEP_STONE01", "terrain_foot_step_1":"FIELD_FOOT_STEP_STONE01", "terrain_foot_step_2":"FIELD_FOOT_STEP_STONE02", "terrain_foot_step_3":"FIELD_FOOT_STEP_GRASS01", "terrain_foot_step_4":"FIELD_FOOT_STEP_GRASS02", "terrain_foot_step_5":"FIELD_FOOT_STEP_STONE01", "terrain_foot_step_6":"FIELD_FOOT_STEP_GROUND01", "terrain_foot_step_7":"FIELD_FOOT_STEP_STONE01", "terrain_foot_step_8":"FIELD_FOOT_STEP_GROUND01", "terrain_foot_step_9":"FIELD_FOOT_STEP_ROTTEN01", "terrain_foot_step_10":"FIELD_FOOT_STEP_ROTTEN01", "terrain_foot_step_20":"FIELD_FOOT_STEP_GROUND01", "terrain_foot_step_12":"FIELD_FOOT_STEP_GROUND01", "terrain_foot_step_13":"FIELD_FOOT_STEP_GROUND01", "terrain_foot_step_14":"FIELD_FOOT_STEP_GROUND01", "terrain_foot_step_15":"FIELD_FOOT_STEP_GROUND01", "terrain_foot_step_16":"FIELD_FOOT_STEP_GROUND01", "terrain_foot_step_17":"FIELD_FOOT_STEP_GROUND01", "terrain_foot_step_18":"FIELD_FOOT_STEP_GROUND01", "terrain_foot_step_19":"FIELD_FOOT_STEP_GROUND01"},	{"filed_map_tag":"FIELD_MAP_EV00", "cross_fade_flag":true, "quality_min":20, "quality_max":20, "num_min":0, "num_max":0, "grade_min":10, "grade_max":10, "debug_name":"ev00", "area_tag":"FIELD_AREA_METAL", "region_tag":"FIELD_REGION_METAL", "default_foot_step":"FIELD_FOOT_STEP_GROUND01", "terrain_foot_step_0":"FIELD_FOOT_STEP_GROUND01", "terrain_foot_step_1":"FIELD_FOOT_STEP_GROUND01", "terrain_foot_step_2":"FIELD_FOOT_STEP_GROUND01", "terrain_foot_step_3":"FIELD_FOOT_STEP_GROUND01", "terrain_foot_step_4":"FIELD_FOOT_STEP_GROUND01", "terrain_foot_step_5":"FIELD_FOOT_STEP_GROUND01", "terrain_foot_step_6":"FIELD_FOOT_STEP_GROUND01", "terrain_foot_step_7":"FIELD_FOOT_STEP_GROUND01", "terrain_foot_step_8":"FIELD_FOOT_STEP_GROUND01", "terrain_foot_step_9":"FIELD_FOOT_STEP_GROUND01", "terrain_foot_step_10":"FIELD_FOOT_STEP_GROUND01", "terrain_foot_step_20":"FIELD_FOOT_STEP_GROUND01", "terrain_foot_step_12":"FIELD_FOOT_STEP_GROUND01", "terrain_foot_step_13":"FIELD_FOOT_STEP_GROUND01", "terrain_foot_step_14":"FIELD_FOOT_STEP_GROUND01", "terrain_foot_step_15":"FIELD_FOOT_STEP_GROUND01", "terrain_foot_step_16":"FIELD_FOOT_STEP_GROUND01", "terrain_foot_step_17":"FIELD_FOOT_STEP_GROUND01", "terrain_foot_step_18":"FIELD_FOOT_STEP_GROUND01", "terrain_foot_step_19":"FIELD_FOOT_STEP_GROUND01"},	{"filed_map_tag":"FIELD_MAP_S_CASTLE", "cross_fade_flag":true, "quality_min":20, "quality_max":20, "num_min":0, "num_max":0, "grade_min":10, "grade_max":10, "debug_name":"s_castle", "area_tag":"FIELD_AREA_KINGDOM", "region_tag":"FIELD_REGION_KINGDOM", "default_foot_step":"FIELD_FOOT_STEP_GROUND01", "terrain_foot_step_0":"FIELD_FOOT_STEP_STONE01", "terrain_foot_step_1":"FIELD_FOOT_STEP_GRASS01", "terrain_foot_step_2":"FIELD_FOOT_STEP_STONE01", "terrain_foot_step_3":"FIELD_FOOT_STEP_STONE01", "terrain_foot_step_4":"FIELD_FOOT_STEP_GRASS01", "terrain_foot_step_5":"FIELD_FOOT_STEP_STONE01", "terrain_foot_step_6":"FIELD_FOOT_STEP_STONE01", "terrain_foot_step_7":"FIELD_FOOT_STEP_STONE01", "terrain_foot_step_8":"FIELD_FOOT_STEP_STONE01", "terrain_foot_step_9":"FIELD_FOOT_STEP_GROUND01", "terrain_foot_step_10":"FIELD_FOOT_STEP_GROUND01", "terrain_foot_step_20":"FIELD_FOOT_STEP_GROUND01", "terrain_foot_step_12":"FIELD_FOOT_STEP_GROUND01", "terrain_foot_step_13":"FIELD_FOOT_STEP_GROUND01", "terrain_foot_step_14":"FIELD_FOOT_STEP_GROUND01", "terrain_foot_step_15":"FIELD_FOOT_STEP_GROUND01", "terrain_foot_step_16":"FIELD_FOOT_STEP_GROUND01", "terrain_foot_step_17":"FIELD_FOOT_STEP_GROUND01", "terrain_foot_step_18":"FIELD_FOOT_STEP_GROUND01", "terrain_foot_step_19":"FIELD_FOOT_STEP_GROUND01"},	{"filed_map_tag":"FIELD_MAP_S_EXTRA", "cross_fade_flag":true, "quality_min":20, "quality_max":20, "num_min":0, "num_max":0, "grade_min":10, "grade_max":10, "debug_name":"s_extra", "area_tag":"FIELD_AREA_KINGDOM", "region_tag":"FIELD_REGION_KINGDOM", "default_foot_step":"FIELD_FOOT_STEP_GROUND01", "terrain_foot_step_0":"FIELD_FOOT_STEP_STONE01", "terrain_foot_step_1":"FIELD_FOOT_STEP_GRASS01", "terrain_foot_step_2":"FIELD_FOOT_STEP_STONE01", "terrain_foot_step_3":"FIELD_FOOT_STEP_STONE01", "terrain_foot_step_4":"FIELD_FOOT_STEP_GRASS01", "terrain_foot_step_5":"FIELD_FOOT_STEP_STONE01", "terrain_foot_step_6":"FIELD_FOOT_STEP_STONE01", "terrain_foot_step_7":"FIELD_FOOT_STEP_STONE01", "terrain_foot_step_8":"FIELD_FOOT_STEP_STONE01", "terrain_foot_step_9":"FIELD_FOOT_STEP_GROUND01", "terrain_foot_step_10":"FIELD_FOOT_STEP_GROUND01", "terrain_foot_step_20":"FIELD_FOOT_STEP_GROUND01", "terrain_foot_step_12":"FIELD_FOOT_STEP_GROUND01", "terrain_foot_step_13":"FIELD_FOOT_STEP_GROUND01", "terrain_foot_step_14":"FIELD_FOOT_STEP_GROUND01", "terrain_foot_step_15":"FIELD_FOOT_STEP_GROUND01", "terrain_foot_step_16":"FIELD_FOOT_STEP_GROUND01", "terrain_foot_step_17":"FIELD_FOOT_STEP_GROUND01", "terrain_foot_step_18":"FIELD_FOOT_STEP_GROUND01", "terrain_foot_step_19":"FIELD_FOOT_STEP_GROUND01"},	{"filed_map_tag":"FIELD_MAP_PV_01", "cross_fade_flag":true, "quality_min":20, "quality_max":20, "num_min":0, "num_max":0, "grade_min":10, "grade_max":10, "debug_name":"pv_01", "area_tag":"FIELD_AREA_FOREST", "region_tag":"FIELD_REGION_FOREST", "default_foot_step":"FIELD_FOOT_STEP_GROUND01", "terrain_foot_step_0":"FIELD_FOOT_STEP_STONE01", "terrain_foot_step_1":"FIELD_FOOT_STEP_PEBBLE", "terrain_foot_step_2":"FIELD_FOOT_STEP_PEBBLE", "terrain_foot_step_3":"FIELD_FOOT_STEP_PEBBLE", "terrain_foot_step_4":"FIELD_FOOT_STEP_GROUND01", "terrain_foot_step_5":"FIELD_FOOT_STEP_STONE01", "terrain_foot_step_6":"FIELD_FOOT_STEP_GRASS01", "terrain_foot_step_7":"FIELD_FOOT_STEP_GROUND02", "terrain_foot_step_8":"FIELD_FOOT_STEP_DEBRIS", "terrain_foot_step_9":"FIELD_FOOT_STEP_GRASS01", "terrain_foot_step_10":"FIELD_FOOT_STEP_WOOD01", "terrain_foot_step_20":"FIELD_FOOT_STEP_GRASS01", "terrain_foot_step_12":"FIELD_FOOT_STEP_GRASS01", "terrain_foot_step_13":"FIELD_FOOT_STEP_WOOD01", "terrain_foot_step_14":"FIELD_FOOT_STEP_GROUND01", "terrain_foot_step_15":"FIELD_FOOT_STEP_GROUND01", "terrain_foot_step_16":"FIELD_FOOT_STEP_GROUND01", "terrain_foot_step_17":"FIELD_FOOT_STEP_STONE01", "terrain_foot_step_18":"FIELD_FOOT_STEP_GRASS01", "terrain_foot_step_19":"FIELD_FOOT_STEP_WOOD01"},	{"filed_map_tag":"FIELD_MAP_MM08_160", "cross_fade_flag":true, "quality_min":20, "quality_max":20, "num_min":0, "num_max":0, "grade_min":10, "grade_max":10, "debug_name":"MM08_160", "area_tag":"FIELD_AREA_FOREST", "region_tag":"FIELD_REGION_FOREST", "default_foot_step":"FIELD_FOOT_STEP_GROUND01", "terrain_foot_step_0":"FIELD_FOOT_STEP_STONE01", "terrain_foot_step_1":"FIELD_FOOT_STEP_GRASS01", "terrain_foot_step_2":"FIELD_FOOT_STEP_STONE01", "terrain_foot_step_3":"FIELD_FOOT_STEP_STONE01", "terrain_foot_step_4":"FIELD_FOOT_STEP_GRASS01", "terrain_foot_step_5":"FIELD_FOOT_STEP_STONE01", "terrain_foot_step_6":"FIELD_FOOT_STEP_STONE01", "terrain_foot_step_7":"FIELD_FOOT_STEP_STONE01", "terrain_foot_step_8":"FIELD_FOOT_STEP_STONE01", "terrain_foot_step_9":"FIELD_FOOT_STEP_GROUND01", "terrain_foot_step_10":"FIELD_FOOT_STEP_GROUND01", "terrain_foot_step_20":"FIELD_FOOT_STEP_GROUND01", "terrain_foot_step_12":"FIELD_FOOT_STEP_GROUND01", "terrain_foot_step_13":"FIELD_FOOT_STEP_GROUND01", "terrain_foot_step_14":"FIELD_FOOT_STEP_GROUND01", "terrain_foot_step_15":"FIELD_FOOT_STEP_GROUND01", "terrain_foot_step_16":"FIELD_FOOT_STEP_GROUND01", "terrain_foot_step_17":"FIELD_FOOT_STEP_GROUND01", "terrain_foot_step_18":"FIELD_FOOT_STEP_GROUND01", "terrain_foot_step_19":"FIELD_FOOT_STEP_GROUND01"},	{"filed_map_tag":"FIELD_MAP_MM08_260", "cross_fade_flag":true, "quality_min":20, "quality_max":20, "num_min":0, "num_max":0, "grade_min":10, "grade_max":10, "debug_name":"MM08_260", "area_tag":"FIELD_AREA_FOREST", "region_tag":"FIELD_REGION_FOREST", "default_foot_step":"FIELD_FOOT_STEP_GROUND01", "terrain_foot_step_0":"FIELD_FOOT_STEP_STONE01", "terrain_foot_step_1":"FIELD_FOOT_STEP_PEBBLE", "terrain_foot_step_2":"FIELD_FOOT_STEP_PEBBLE", "terrain_foot_step_3":"FIELD_FOOT_STEP_PEBBLE", "terrain_foot_step_4":"FIELD_FOOT_STEP_GROUND01", "terrain_foot_step_5":"FIELD_FOOT_STEP_STONE01", "terrain_foot_step_6":"FIELD_FOOT_STEP_GRASS01", "terrain_foot_step_7":"FIELD_FOOT_STEP_GROUND02", "terrain_foot_step_8":"FIELD_FOOT_STEP_DEBRIS", "terrain_foot_step_9":"FIELD_FOOT_STEP_GRASS01", "terrain_foot_step_10":"FIELD_FOOT_STEP_WOOD01", "terrain_foot_step_20":"FIELD_FOOT_STEP_GRASS01", "terrain_foot_step_12":"FIELD_FOOT_STEP_GRASS01", "terrain_foot_step_13":"FIELD_FOOT_STEP_WOOD01", "terrain_foot_step_14":"FIELD_FOOT_STEP_GROUND01", "terrain_foot_step_15":"FIELD_FOOT_STEP_GROUND01", "terrain_foot_step_16":"FIELD_FOOT_STEP_GROUND01", "terrain_foot_step_17":"FIELD_FOOT_STEP_STONE01", "terrain_foot_step_18":"FIELD_FOOT_STEP_GRASS01", "terrain_foot_step_19":"FIELD_FOOT_STEP_WOOD01"}]}